taz_key,POINT_X,POINT_Y
1,4780625.733,3742453.712
2,4779526.88,3742267.916
3,4778438.936,3741983.62
4,4779477.471,3741350.172
5,4778240.818,3740756.134
6,4776602.963,3741103.642
7,4776685.169,3740244.732
8,4776612.022,3739084.982
9,4774852.443,3738244.432
10,4775721.847,3736757.505
11,4777695.743,3738494.088
12,4779405.462,3740007.541
13,4780432.223,3740917.431
14,4781176.607,3741576.697
15,4781956.006,3742034.619
16,4781768.898,3740368.183
17,4782652.029,3739088.015
18,4780311.874,3737087.468
19,4778084.191,3735122.452
20,4776914.277,3736099.024
21,4779226.19,3738144.056
22,4781241.926,3743534.708
23,4780208.182,3745062.75
24,4779405.796,3743432.918
25,4778281.354,3743489.667
26,4778359.734,3742664.314
27,4777409.598,3743448.433
28,4776448.287,3742638.949
29,4776775.508,3741819.641
30,4774757.823,3740051.555
31,4774667.979,3740910.042
32,4774565.522,3741933.348
33,4774430.85,3743261.349
34,4774303.186,3744607.823
35,4776073.593,3743947.126
36,4777339.25,3744608.756
37,4778339.464,3745010.836
38,4777850.557,3746186.82
39,4775784.657,3745829.269
40,4774129.061,3746730.07
41,4777148.108,3747688.411
42,4789541.913,3751998.341
43,4769324.525,3747067.242
44,4771501.111,3745898.647
45,4771403.782,3744499.533
46,4772528.033,3742920.105
47,4770670.505,3742222.336
48,4768266.878,3741980.506
49,4768934.62,3743337.219
50,4768162.882,3744900.313
51,4767250.227,3746891.279
52,4761058.7,3745166.607
53,4755922.489,3735086.91
54,4748908.38,3737469.365
55,4749747.704,3739184.804
56,4750536.582,3741043.259
57,4754411.739,3741587.261
58,4754262.199,3739890.814
59,4752610.661,3738030.924
60,4755483.151,3737105.137
61,4755488.433,3738496.621
62,4757306.737,3740219.559
63,4757922.605,3737805.172
64,4760112.397,3737807.156
65,4760152.406,3740457.221
66,4762078.468,3740628.447
67,4762047.949,3737864.977
68,4763487.908,3738013.679
69,4765946.169,3738116.747
70,4765181.273,3740154.726
71,4764873.912,3741770.811
72,4768621.558,3740828.19
73,4771268.287,3741094.844
74,4770092.006,3740130.535
75,4773241.372,3740806.296
76,4773404.307,3738919.923
77,4771435.893,3739411.738
78,4771558.929,3738175.312
79,4773173.469,3737043.386
80,4771218.93,3736752.614
81,4771883.457,3735384.395
82,4770202.924,3733537.216
83,4768114.64,3732860.408
84,4768755.753,3735080.601
85,4769049.057,3736533.155
86,4768946.078,3738417.72
87,4765902.506,3736391.661
88,4765920.892,3735033.494
89,4765598.223,3733247.226
90,4762233.155,3732960.179
91,4762919.093,3730776.156
92,4763994.997,3728283.271
93,4767256.115,3730278.007
94,4768686.267,3730703.887
95,4768248.913,3728557.02
96,4768643.629,3727064.476
97,4770664.795,3727091.279
98,4770642.948,3728698.724
99,4772611.2,3727724.887
100,4773916.848,3727725.63
101,4773868.275,3730515.046
102,4772569.92,3730492.074
103,4770609.25,3730751.794
104,4770996.7,3732679.349
105,4772566.608,3733383.81
106,4773835.029,3733893.442
107,4776151.288,3733212.732
108,4779446.918,3733151.424
109,4781515.115,3736240.232
110,4782425.75,3734293.389
111,4783092.264,3730011.741
112,4780725.221,3731248.879
113,4780179.452,3728606.692
114,4778850.164,3730543.014
115,4777680.257,3729282.937
116,4775813.567,3730877.669
117,4775826.206,3729082.492
118,4775196.543,3727424.495
119,4776232.203,3727408.514
120,4777450.705,3727500.16
121,4776877.241,3724696.086
122,4774956.173,3724701.525
123,4773236.882,3724805.031
124,4772865.125,3722631.951
125,4775161.323,3722025.35
126,4771867.894,3721247.316
127,4771323.941,3723323.128
128,4771373.979,3725407.859
129,4768978.42,3725607.588
130,4767626.033,3723871.39
131,4764388.918,3723027.203
132,4762192.444,3719935.631
133,4765356.795,3720106.188
134,4767940.09,3719397.867
135,4769295.025,3717657.693
136,4771596.02,3718288.762
137,4772260.026,3719383.455
138,4775658.255,3720113.593
139,4778383.654,3721379.562
140,4780042.325,3720367.362
141,4781198.766,3721658.596
142,4779541.12,3724956.484
143,4781915.035,3721349.431
144,4783367.197,3720836.106
145,4785831.734,3719680.123
146,4787501.103,3717112.722
147,4782749.167,3718372.713
148,4781474.548,3716222.383
149,4781334.31,3713207.399
150,4779328.769,3717737.636
151,4778017.51,3716443.547
152,4775464.699,3717263.854
153,4777522.55,3714595.811
154,4776375.062,3712716.793
155,4774493.472,3713523.059
156,4773883.381,3712287.404
157,4772553.847,3712876.296
158,4773027.66,3715308.202
159,4769367.233,3713254.03
160,4770210.733,3716168.279
161,4768173.86,3715654.022
162,4766979.752,3714254.026
163,4766836.358,3712815.199
164,4763908.742,3713931.612
165,4766056.449,3716402.258
166,4762516.468,3717074.286
167,4761899.446,3714866.202
168,4758953.219,3715417.468
169,4758957.77,3720010.485
170,4759335.898,3723980.787
171,4762531.645,3725453.069
172,4759600.209,3726535.696
173,4758010.158,3728924.176
174,4759314.113,3730466.394
175,4760007.599,3732656.661
176,4758126.06,3732666.754
177,4755769.425,3731997.44
178,4753055.369,3732008.319
179,4750688.124,3731231.376
180,4748728.624,3732729.638
181,4748319.44,3730407.227
182,4748620.311,3725841.956
183,4750735.832,3725715.34
184,4753039.118,3727927.597
185,4755746.047,3727910.094
186,4754418.847,3724026.535
187,4753575.396,3721768.227
188,4755598.052,3719482.14
189,4755578.238,3716307.171
190,4751403.149,3717258.178
191,4752751.468,3711753.45
192,4754065.815,3709509.445
193,4754785.962,3706533.424
194,4754952.188,3702937.988
195,4751477.634,3708107.353
196,4750810.166,3702213.703
197,4752938.514,3699991.87
198,4754812.614,3698687.219
199,4757441.062,3698214.634
200,4763062.687,3702264.873
201,4758267.466,3705298.337
202,4761578.296,3708416.451
203,4758793.489,3708775.973
204,4759674.825,3711538.273
205,4764315.081,3711285.625
206,4768946.157,3709873.716
207,4773696.139,3710375.761
208,4774422.805,3704242.385
209,4771680.761,3697504.491
210,4775442.333,3694694.513
211,4771793.919,3692815.623
212,4776924.346,3690514.868
213,4766557.359,3688904.435
214,4763809.965,3693016.496
215,4768154.415,3694618.911
216,4765596.664,3696361.662
217,4761101.242,3695908.23
218,4759438.708,3693452.877
219,4756953.093,3694042.491
220,4755213.477,3691059.258
221,4752939.41,3695184.149
222,4751310.658,3692369.094
223,4752360.192,3686724.254
224,4752479.841,3679173.261
225,4745212.568,3669713.086
226,4750841.284,3666731.228
227,4757803.659,3671257.474
228,4759028.572,3681787.336
229,4759390.421,3684810.054
230,4759306.41,3689987.112
231,4762201.464,3687498.682
232,4764438.351,3684044.97
233,4766531.602,3679637.7
234,4769232.8,3684656.287
235,4770507.843,3680956.616
236,4771675.104,3678169.787
237,4773573.231,3680844.99
238,4774802.534,3682148.099
239,4781335.922,3679342.906
240,4778957.183,3673703.155
241,4773205.869,3674489.913
242,4769852.166,3673372.931
243,4773915.829,3669861.88
244,4776622.725,3671841.928
245,4776386.293,3668136.453
246,4778583.393,3664951.409
247,4782399.518,3665615.258
248,4784236.307,3669486.63
249,4791472.306,3666197.077
250,4786591.901,3664877.745
251,4790485.57,3662643.758
252,4784249.437,3658740.213
253,4791170.855,3659452.888
254,4789886.804,3652199.304
255,4795389.974,3654425.298
256,4796634.14,3656019.493
257,4798628.045,3657439.307
258,4794515.588,3660876.676
259,4795340.039,3663041.708
260,4798020.151,3660824.073
261,4799033.242,3664182.234
262,4803393.564,3659900.635
263,4803498.113,3657638.104
264,4805652.195,3655976.303
265,4808214.551,3655811.683
266,4811308.834,3655697.014
267,4816022.103,3658172.595
268,4815205.812,3655598.981
269,4818198.026,3654034.984
270,4816002.516,3651975.933
271,4813397.739,3651152.413
272,4811507.114,3648365.176
273,4813800.91,3646877.131
274,4809178.531,3649248.853
275,4811067.372,3643308.707
276,4808604.381,3645181.054
277,4806878.148,3647359.833
278,4803946.961,3650923.782
279,4802176.277,3655220.902
280,4799056.455,3653494.26
281,4801505.139,3649750.245
282,4796878.445,3649090.177
283,4800124.635,3646585.475
284,4804299.769,3645936.434
285,4802119.618,3643896.136
286,4806710.069,3641304.329
287,4810716.466,3638807.87
288,4799998.778,3635781.016
289,4800096.966,3640127.238
290,4797030.33,3643648.017
291,4792551.546,3645284.011
292,4790020.945,3641986.206
293,4746156.774,3653620.526
294,4752677.1,3645522.996
295,4772925.825,3647304.58
296,4780284.284,3616419.321
297,4797463.052,3553099.493
298,4824466.539,3586758.528
299,4807169.025,3603648.274
300,4816423.667,3611329.388
301,4815786.276,3617736.141
302,4809548.982,3620842.827
303,4815901.19,3623012.69
304,4805209.958,3626454.497
305,4809544.245,3629473.257
306,4807615.952,3632006.385
307,4809501.478,3635303.436
308,4813421.238,3631380.198
309,4814298.119,3634388.176
310,4816088.15,3636822.684
311,4816432.583,3643554.328
312,4821287.23,3647808.446
313,4824746.025,3639060.534
314,4826144.506,3627100.642
315,4823607.571,3628261.392
316,4820525.476,3630420.225
317,4819557.607,3627296.824
318,4816602.476,3629670.072
319,4817579.108,3625603.332
320,4821441.386,3620532.811
321,4820954.431,3616951.312
322,4823577.138,3615296.661
323,4825741.244,3621588.583
324,4823716.297,3621812.193
325,4822106.687,3624260.14
326,4824628.745,3625281.987
327,4828632.864,3621999.515
328,4832108.528,3622918.413
329,4830176.709,3624974.318
330,4833991.259,3625763.668
331,4843955.682,3627949.317
332,4850065.008,3624627.923
333,4851725.501,3618090.827
334,4846805.51,3619742.228
335,4846402.602,3616947.056
336,4843015.677,3616494.943
337,4839988.128,3618173.183
338,4839827.005,3622974.574
339,4837807.15,3620034.587
340,4837447.568,3615707.414
341,4836153.889,3613448.736
342,4827400.444,3613256.87
343,4834048.598,3611635.147
344,4832819.328,3608951.652
345,4829452.44,3607596.737
346,4828732.029,3603657.752
347,4849634.86,3562073.688
348,4843822.05,3593902.977
349,4846552.887,3599218.067
350,4841561.549,3600847.593
351,4846402.848,3605074.379
352,4842517.537,3603039.473
353,4843565.471,3604533.174
354,4840967.862,3606191.592
355,4837371.308,3607259.019
356,4843050.246,3611719.629
357,4846282.988,3613584.247
358,4850407.159,3611363.278
359,4846982.001,3607957.14
360,4850855.156,3604722.475
361,4853350.347,3608211.597
362,4856617.261,3604190.986
363,4853962.644,3601938.471
364,4856163.84,3599587.092
365,4854851.023,3596966.722
366,4850903.881,3601417.875
367,4850304.85,3597871.786
368,4849198.48,3586787.814
369,4852893.549,3591866.314
370,4855044.43,3586103.978
371,4855923.489,3591436.529
372,4857316.059,3594954.791
373,4858893.65,3597537.337
374,4860679.227,3600456.296
375,4861282.176,3596220.114
376,4863734.958,3596039.155
377,4866383.781,3594196.772
378,4864426.581,3590492.542
379,4861823.236,3591967.526
380,4859795.687,3593432.528
381,4861587.472,3585731.416
382,4863622.411,3586155.962
383,4862256.993,3582834.367
384,4857804.048,3583956.153
385,4858672.996,3577177.586
386,4863572.622,3572272.803
387,4866033.078,3574233.879
388,4861776.121,3579068.199
389,4866470.213,3582784.878
390,4866409.026,3588406.839
391,4869354.815,3585739.42
392,4871161.195,3586047.993
393,4872879.309,3585580.595
394,4875591.845,3584444.907
395,4876216.55,3588410.496
396,4877106.251,3591892.316
397,4871537.707,3590443.315
398,4868840.498,3590863.46
399,4873023.671,3592864.649
400,4869415.622,3594627.651
401,4863132.016,3607573.309
402,4873906.103,3599404.068
403,4881796.391,3596836.379
404,4888610.688,3606162.585
405,4905986.707,3607882.418
406,4911852.168,3595864.056
407,4913494.932,3584800.699
408,4908984.459,3583780.8
409,4907926.382,3588458.373
410,4909282.642,3592378.275
411,4907871.808,3597246.036
412,4903203.629,3595723.642
413,4902175.587,3590365.928
414,4902796.189,3586310.901
415,4895671.601,3589902.327
416,4897068.919,3596413.92
417,4893413.391,3595416.962
418,4890709.006,3594186.465
419,4890421.133,3590396.395
420,4887393.649,3591096.31
421,4887049.849,3593738.401
422,4882332.932,3593273.561
423,4885944.467,3589390.021
424,4881523.127,3590090.127
425,4880486.457,3587519.211
426,4880948.409,3585291.348
427,4886168.165,3585383.141
428,4890038.542,3585145.502
429,4892685.97,3584563.493
430,4897737.649,3584115.081
431,4896941.512,3581315.686
432,4902695.683,3578762.671
433,4900491.946,3576195.831
434,4908083.434,3577558.263
435,4912303.693,3578491.836
436,4897964.935,3572652.54
437,4897607.771,3576761.031
438,4895216.218,3577769.357
439,4894615.71,3572465.604
440,4890792.118,3571091.912
441,4890637.32,3573748.894
442,4892558.591,3577478.19
443,4891405.477,3580905.01
444,4889870.89,3577483.302
445,4886833.588,3578017.434
446,4884159.766,3581694.883
447,4884284.121,3577697.943
448,4881308.933,3579209.519
449,4879543.464,3577446.916
450,4879036.351,3583074.438
451,4875164.207,3580343.727
452,4875014.148,3577065.402
453,4870885.153,3579862.604
454,4870269.799,3573345.217
455,4873545.942,3573195.003
456,4876128.635,3573019.227
457,4879080.163,3572974.21
458,4881656.727,3572630.49
459,4885390.673,3572560.582
460,4885105.225,3567246.7
461,4891131.778,3568280.878
462,4890610.417,3565643.123
463,4894927.173,3567098.582
464,4897727.058,3569268.482
465,4899050.606,3566439.233
466,4902509.119,3566395.101
467,4902202.567,3561178.343
468,4901975.011,3555793.626
469,4898723.203,3554671.615
470,4898679.226,3558651.565
471,4897572.139,3562674.398
472,4894833.702,3560108.476
473,4894299.883,3557273.313
474,4894841.25,3554634.85
475,4890944.699,3553184.148
476,4888769.87,3556357.448
477,4890194.512,3560860.323
478,4891337.345,3563377.305
479,4884992.777,3562249.063
480,4885438.352,3556794.672
481,4883064.335,3557212.683
482,4880421.776,3557119.959
483,4877849.214,3557488.462
484,4879712.547,3562524.288
485,4879781.516,3567493.352
486,4874656.787,3567172.564
487,4871390.22,3569078.367
488,4864162.16,3562193.365
489,4868719.542,3556703.194
490,4872280.764,3563859.864
491,4874414.767,3561237.268
492,4874988.133,3557513.033
493,4880416.48,3552088.774
494,4878499.424,3547136.764
495,4870071.348,3546434.255
496,4876268.007,3534083.783
497,4882856.778,3541280.842
498,4885758.439,3549472.804
499,4890705.197,3548406.249
500,4891385.137,3545068.548
501,4894538.945,3549124.592
502,4894891.752,3552025.454
503,4898855.946,3550178.829
504,4902353.837,3550767.88
505,4896355.127,3546140.316
506,4894897.102,3542726.461
507,4890605.219,3540323.79
508,4895312.481,3537810.171
509,4891929.878,3532456.808
510,4889038.553,3535312.58
511,4886282.799,3527274.571
512,4905481.167,3503917.255
513,4898679.79,3521667.705
514,4904278.024,3528622.82
515,4909757.393,3533904.65
516,4905589.903,3532991.786
517,4903521.961,3535734.735
518,4897481.602,3534361.094
519,4901822.364,3539944.489
520,4907468.866,3538782.785
521,4903534.873,3544508.453
522,4906644.104,3544500.79
523,4909999.039,3545105.573
524,4913171.482,3546528.333
525,4917099.716,3548536.472
526,4917033.975,3551887.014
527,4917410.654,3556135.337
528,4912330.777,3555615.795
529,4910609.749,3551153.07
530,4905317.293,3549758.166
531,4909054.444,3554121.67
532,4909163.085,3556571.664
533,4907884.007,3558669.231
534,4904687.195,3557245.12
535,4906290.404,3563524.433
536,4910157.024,3562089.87
537,4913002.702,3561513.813
538,4914023.889,3565145.848
539,4913250.355,3570202.019
540,4911515.22,3566891.469
541,4907761.321,3566511.397
542,4909455.818,3569484.825
543,4906372.36,3572159.767
544,4903050.839,3570398.94
545,4902716.518,3573787.427
546,4915271.763,3573429.625
547,4918360.885,3575739.162
548,4920499.061,3573199.619
549,4919386.013,3569478.887
550,4922190.335,3571124.403
551,4925216.119,3572012.685
552,4928015.709,3568996.181
553,4926159.699,3567647.754
554,4923261.045,3568187.037
555,4922913.035,3564832.537
556,4921663.629,3566201.745
557,4920413.852,3567062.787
558,4917034.941,3565529.872
559,4916512.922,3560525.93
560,4919579.78,3562778.279
561,4923980.702,3562174.705
562,4921011.991,3559945.532
563,4925684.946,3557144.002
564,4922387.935,3548089.222
565,4928243.441,3545626.864
566,4927150.784,3549917.075
567,4930209.974,3553357.946
568,4932561.542,3549597.404
569,4935126.583,3548552.58
570,4935125.358,3546277.337
571,4939276.35,3546080.651
572,4937363.281,3549798.197
573,4939589.2,3551169.51
574,4933667.669,3553100.012
575,4937414.167,3554930.662
576,4934989.056,3557729.502
577,4933053.691,3561756.377
578,4930955.091,3561935.035
579,4927585.492,3563441.313
580,4930329.58,3565770.963
581,4935444.742,3561916.74
582,4938253.092,3557865.367
583,4940276.166,3560406.671
584,4938336.415,3564717.289
585,4933187.889,3565593.942
586,4934936.347,3566518.232
587,4935669.046,3568070.661
588,4937088.855,3569252.123
589,4935332.984,3573394.178
590,4933589.638,3570223.187
591,4931952.459,3572498.729
592,4929833.994,3569977.095
593,4926101.072,3575247.19
594,4929667.749,3574860.463
595,4932532.112,3576684.298
596,4929625.053,3579064.453
597,4927407.781,3577417.003
598,4926023.545,3580807.927
599,4925276.318,3585702.518
600,4923546.266,3584280.178
601,4921076.584,3582507.393
602,4920731.571,3578379.404
603,4917078.506,3580984.45
604,4915841.29,3588279.082
605,4919987.783,3589142.338
606,4916621.017,3594186.694
607,4916216.272,3598616.707
608,4920307.275,3598848.438
609,4918779.506,3605617.025
610,4916438.295,3604613.68
611,4913978.889,3604164.658
612,4913300.466,3609522.632
613,4916177.986,3612367.721
614,4917738.124,3609659.867
615,4927231.295,3612485.459
616,4923018.404,3605065.53
617,4923280.088,3602289.053
618,4932598.162,3602370.508
619,4927445.249,3599708.155
620,4924484.402,3597813.43
621,4923371.695,3594013.835
622,4927598.931,3596248.621
623,4929008.667,3593676.76
624,4925398.377,3591520.238
625,4927009.738,3587914.069
626,4930213.319,3590848.652
627,4930672.198,3586813.8
628,4940593.612,3594162.894
629,4939886.342,3583906.284
630,4935501.018,3584199.262
631,4931312.706,3584136.126
632,4932589.248,3581269.512
633,4936336.885,3579332.722
634,4937418.51,3574721.407
635,4939629.282,3578510.179
636,4941111.377,3576509.335
637,4947976.452,3580680.117
638,4941951.417,3572966.215
639,4939433.208,3571243.602
640,4940914.461,3568674.647
641,4944856.044,3571156.956
642,4955937.375,3570122.655
643,4945895.684,3567502.862
644,4942894.477,3564922.638
645,4947312.195,3565073.756
646,4947888.708,3562821.045
647,4951683.379,3563948.385
648,4955115.74,3561414.865
649,4947863.795,3560282.666
650,4944160.526,3559652.958
651,4942267.552,3554510.927
652,4948254.352,3555919.578
653,4961208.06,3555369.611
654,4960945.002,3546034.431
655,4947030.065,3550832.555
656,4952527.433,3536862.008
657,4950829.591,3531193.853
658,4953958.016,3524439.543
659,4951339.622,3526714.055
660,4948235.677,3528051.168
661,4944028.846,3530647.916
662,4939889.205,3528099.583
663,4935840.034,3528763.907
664,4937714.365,3531610.214
665,4938493.754,3534099.402
666,4940147.829,3536737.114
667,4936226.492,3536915.942
668,4936649.95,3540092.85
669,4940996.978,3539693.007
670,4938788.801,3543368.168
671,4933359.371,3543328.683
672,4930313.631,3542981.757
673,4932345.321,3538721.08
674,4932784.579,3531294.552
675,4930078.532,3532122.295
676,4925569.407,3533922.633
677,4926155.292,3536698.863
678,4928230.975,3539233.644
679,4923853.591,3539573.195
680,4924528.007,3543047.254
681,4918319.283,3545852.575
682,4918801.846,3542391.594
683,4915152.231,3541073.175
684,4911732.603,3539792.039
685,4913624.57,3535480.898
686,4917872.765,3538436.485
687,4918409.864,3536005.623
688,4916370.519,3532300.513
689,4916195.939,3527918.852
690,4920390.133,3528813.774
691,4922275.73,3522275.417
692,4925575.43,3522712.159
693,4926850.797,3524490.917
694,4932396.48,3519078.83
695,4925212.73,3514630.885
696,4939040.907,3516150.672
697,4965921.985,3508899.512
698,4992190.851,3496411.851
699,4996729.868,3488044.36
700,4985265.665,3490681.53
701,4987978.088,3477423.066
702,4981869.728,3486329.307
703,4973237.56,3490766.178
704,4966344.615,3460485.02
705,5001101.384,3432876.62
706,5019913.541,3438909.84
707,5006689.746,3444102.189
708,5003096.766,3441994.544
709,5002581.595,3448638.529
710,4999477.112,3449412.73
711,4990397.842,3451751.673
712,4988164.553,3465276.969
713,5007039.129,3475078.435
714,5021946.449,3542969.102
715,4998086.91,3673269.195
716,4969744.975,3688058.364
717,4966456.864,3692472.92
718,4972173.613,3695308.218
719,4969494.518,3701531.413
720,4961654.334,3710943.232
721,4962649.809,3696721.831
722,4957072.855,3693734.358
723,4962734.02,3686612.179
724,4958470.155,3687889.579
725,4957565.204,3680929.407
726,4952716.943,3685715.514
727,4954915.706,3688387.012
728,4947207.96,3695213.016
729,4941065.137,3708164.153
730,4926193.516,3706842.314
731,4918944.191,3708763.068
732,4918076.141,3704449.96
733,4913815.697,3705418.089
734,4904414.447,3704890.97
735,4909059.912,3691543.95
736,4916250.839,3696874.109
737,4919637.824,3696394.293
738,4922413.506,3689178.147
739,4925753.769,3684512.533
740,4927663.039,3689868.049
741,4926518.192,3693251.211
742,4928022.127,3698025.497
743,4935467.082,3692636.435
744,4932416.871,3685248.371
745,4945828.16,3686306.199
746,4947018.314,3646700.007
747,4919989.717,3622717.85
748,4914628.209,3616898.931
749,4912514.19,3622393.898
750,4911235.023,3617512.761
751,4898444.988,3624539.423
752,4906409.558,3628211.568
753,4911238.482,3630469.798
754,4918472.283,3637763.471
755,4910707.342,3637075.28
756,4908332.854,3642954.87
757,4904429.242,3634932.014
758,4901742.242,3634493.883
759,4897669.248,3635337.403
760,4898235.776,3640050.136
761,4901945.685,3639752.923
762,4900198.531,3643951.637
763,4897439.621,3644780.58
764,4894483.118,3642332.009
765,4892614.897,3639612.889
766,4888409.713,3642702.42
767,4888088.051,3635566.368
768,4876188.196,3635457.775
769,4864934.588,3648635.217
770,4877574.719,3645254.024
771,4880470.864,3648269.044
772,4880431.834,3642742.213
773,4882717.174,3641907.227
774,4887683.37,3648591.919
775,4890492.945,3645938.324
776,4893652.371,3650430.136
777,4895369.477,3647330.237
778,4900595.398,3649465.442
779,4905522.833,3645790.234
780,4909908.963,3649505.538
781,4907522.033,3658627.81
782,4894937.891,3655844.663
783,4890712.46,3655150.024
784,4885736.954,3654619.989
785,4884981.027,3650128.729
786,4882417.282,3652646.508
787,4880362.598,3655683.739
788,4876000.866,3656425.36
789,4875102.642,3660702.858
790,4868953.039,3654395.144
791,4871874.21,3661038.773
792,4869854.249,3658438.698
793,4869527.851,3661904.96
794,4866678.195,3660288.454
795,4866926.56,3667101.65
796,4871406.805,3667254.745
797,4879684.166,3666592.46
798,4877726.257,3663012.641
799,4880084.878,3659659.899
800,4883721.594,3661997.222
801,4887596.818,3661145.877
802,4885471.444,3665950.622
803,4903003.143,3671085.998
804,4884033.499,3672944.148
805,4881033.831,3672722.361
806,4875548.736,3672978.314
807,4870349.206,3676246.177
808,4866901.235,3677153.077
809,4868436.737,3673470.021
810,4856765.194,3672256.63
811,4860513.151,3682967.789
812,4863507.738,3684256.636
813,4865775.077,3680131.821
814,4867454.659,3682445.288
815,4869887.846,3682746.703
816,4869351.172,3679610.74
817,4872027.535,3679854.423
818,4872960.426,3682248.528
819,4874838.858,3682017.783
820,4895964.486,3683428.701
821,4879833.211,3686254.76
822,4881607.448,3690387.058
823,4874565.438,3692539.515
824,4873223.508,3687900.98
825,4870282.642,3687386.616
826,4868362.702,3685683.121
827,4865703.045,3686488.029
828,4866743.676,3691078.27
829,4864127.553,3689651.127
830,4861422.076,3689208.925
831,4860881.544,3692218.439
832,4857683.832,3693634.192
833,4854299.485,3693064.756
834,4850711.068,3694273.298
835,4856088.949,3696476.329
836,4860001.167,3695968.763
837,4863193.357,3695810.302
838,4866597.389,3696461.481
839,4869170.92,3693298.805
840,4869733.957,3697962.17
841,4874907.809,3695919.926
842,4874311.673,3698675.189
843,4879036.807,3697631.085
844,4887927.639,3717510.078
845,4876521.386,3711425.475
846,4875155.883,3702665.976
847,4871165.519,3700577.726
848,4869977.894,3702594.942
849,4870335.866,3705444.94
850,4870292.695,3710073.285
851,4865974.338,3710866.197
852,4866004.083,3705017.784
853,4862442.3,3705532.157
854,4861103.062,3703455.97
855,4862407.72,3700914.774
856,4858148.676,3701878.743
857,4858323.365,3699490.716
858,4851908.129,3699083.269
859,4848693.845,3698771.741
860,4844527.532,3699971.602
861,4848337.241,3703957.845
862,4851578.524,3704724.524
863,4855521.49,3704760.696
864,4852621.171,3708685.578
865,4855093.824,3709850.965
866,4858538.956,3711642.359
867,4853150.942,3714073.587
868,4852289.238,3717325.004
869,4849428.456,3716472.21
870,4846651.979,3715840.175
871,4849526.694,3712680.861
872,4845499.665,3711681.598
873,4840645.744,3708916.944
874,4831100.3,3713103.306
875,4836716.471,3719876.395
876,4841532.856,3716659.259
877,4843105.927,3715404.625
878,4844562.054,3718492.233
879,4847863.002,3719392.454
880,4846837.742,3721596.067
881,4849626.34,3720257.741
882,4850513.084,3721822.947
883,4856649.382,3720048.647
884,4855922.05,3727349.535
885,4850287.398,3735442.28
886,4847832.091,3730474.805
887,4850104.068,3726424.123
888,4847132.249,3725154.261
889,4845864.865,3728233.5
890,4843582.728,3726838.396
891,4845095.985,3724099.582
892,4842570.8,3720562.173
893,4841787.3,3723257.233
894,4840443.944,3724723.365
895,4838180.136,3726531.906
896,4833938.231,3728423.503
897,4835581.402,3731156.8
898,4838206.76,3730446.797
899,4840705.096,3730078.085
900,4842570.002,3728992.726
901,4844708.861,3732141.312
902,4842406.908,3734197.884
903,4839640.748,3732942.257
904,4836584.211,3733537.403
905,4834378.786,3735110.658
906,4837198.205,3737275.425
907,4842961.276,3737502.302
908,4840818.822,3739047.829
909,4839601.121,3740783.971
910,4837603.569,3742871.7
911,4843158.154,3742422.175
912,4841150.735,3748649.536
913,4838166.164,3754242.143
914,4834796.275,3758708.366
915,4828103.477,3758838.694
916,4828964.157,3755344.704
917,4826910.06,3751264.852
918,4831303.431,3749917.893
919,4834137.113,3751480.452
920,4836432.361,3746588.317
921,4834450.055,3743871.555
922,4832004.814,3743457.717
923,4835088.648,3739837.312
924,4832986.257,3737550.543
925,4832107.4,3733819.898
926,4829558.414,3732574.072
927,4830095.661,3735479.62
928,4828949.78,3736668.973
929,4830692.727,3738123.998
930,4831729.654,3740358.298
931,4830244.267,3741017.563
932,4828460.327,3739962.84
933,4826809.034,3738391.487
934,4824209.884,3740583.868
935,4825609.714,3741704.53
936,4827396.32,3742522.313
937,4831680.131,3745238.004
938,4829098.783,3746320.671
939,4826452.178,3747708.947
940,4824420.269,3748655.46
941,4822957.053,3747417.821
942,4822604.45,3745862.26
943,4825720.201,3744254.394
944,4822927.624,3742615.194
945,4821186.455,3744267.006
946,4818944.645,3740899.135
947,4823182.812,3738950.374
948,4823716.082,3732354.662
949,4828291.896,3729305.109
950,4827301.012,3727570.46
951,4825539.685,3725967.655
952,4827172.176,3718682.317
953,4823110.044,3721454.176
954,4822514.491,3727955.772
955,4823711.117,3730255.43
956,4820677.496,3731580.509
957,4820267.966,3728575.29
958,4817156.453,3730116.172
959,4817589.336,3732385.872
960,4818195.903,3735442.752
961,4813546.731,3737873.819
962,4813528.714,3734930.698
963,4813189.229,3733058.304
964,4805954.439,3737734.169
965,4805452.233,3744589.541
966,4810249.32,3741672.119
967,4815840.978,3741528.063
968,4817725.139,3742974.887
969,4816389.34,3743743.232
970,4817670.708,3745968.836
971,4818306.109,3744813.221
972,4821330.05,3748907.931
973,4823111.68,3750980.556
974,4824262.538,3752990.364
975,4822047.795,3753724.225
976,4820338.468,3753798.983
977,4817978.719,3754170.054
978,4817390.335,3750377.021
979,4819260.596,3749303.879
980,4816118.131,3746669.683
981,4815132.182,3744516.251
982,4813781.17,3745149.343
983,4814570.663,3747359.102
984,4812935.68,3747641.788
985,4812205.731,3745409.413
986,4811218.536,3746589.957
987,4809942.628,3746713.643
988,4808712.624,3750433.34
989,4814967.409,3749291.635
990,4815326.282,3751301.941
991,4812622.786,3757024.405
992,4815761.729,3757319.502
993,4815018.408,3759551.39
994,4815582.824,3761367.226
995,4817579.764,3761236.895
996,4818115.983,3758057.713
997,4820280.205,3757999.75
998,4823151.708,3756957.809
999,4824858.32,3759998.182
1000,4822537.192,3760072.059
1001,4820433.768,3760386.102
1002,4819957.632,3762285.905
1003,4822778.317,3762434.444
1004,4826519.954,3762323.976
1005,4830444.237,3766679.946
1006,4825291.052,3764981.008
1007,4825370.053,3767202.884
1008,4822221.985,3766957.804
1009,4822342.905,3765633.117
1010,4822412.772,3764052.67
1011,4819730.094,3764381.672
1012,4817435.967,3764145.671
1013,4815000.202,3763920.577
1014,4809831.51,3767382.015
1015,4812422.102,3766712.199
1016,4814573.518,3767060.017
1017,4817259.8,3767287.334
1018,4819568.93,3767534.45
1019,4825622.308,3769998.047
1020,4822271.111,3770800.295
1021,4819620.446,3770229.115
1022,4817186.568,3769940.957
1023,4814293.698,3769673.495
1024,4811786.679,3769974.619
1025,4813924.357,3772069.968
1026,4817239.934,3772210.605
1027,4819587.313,3772667.161
1028,4823801.066,3773134.239
1029,4822868.154,3776051.856
1030,4821100.261,3778978.997
1031,4818602.132,3778356.998
1032,4819497.717,3775013.775
1033,4815824.582,3777677.855
1034,4814796.691,3774795.37
1035,4813847.096,3777696.616
1036,4811965.201,3777692.627
1037,4812520.601,3774773.638
1038,4807487.197,3774659.698
1039,4809604.15,3777164.69
1040,4809841.045,3780207.553
1041,4811931.944,3780535.578
1042,4814353.21,3779871.235
1043,4816018.063,3782134.136
1044,4818474.568,3782388.684
1045,4813136.474,3788510.627
1046,4813498.542,3784730.797
1047,4809982.354,3786042.548
1048,4810871.499,3783037.198
1049,4808122.674,3783268.104
1050,4805064.034,3785930.264
1051,4807288.759,3788389.228
1052,4809401.168,3789910.873
1053,4807527.563,3792044.405
1054,4805760.537,3794652.022
1055,4803377.774,3794280.806
1056,4800194.569,3794819.791
1057,4797232.638,3795301.96
1058,4801850.432,3791336.663
1059,4796600.857,3786713.534
1060,4795564.389,3791017.78
1061,4793900.874,3793121.722
1062,4786327.58,3794775.188
1063,4794177.619,3795759.284
1064,4796826.657,3797819.415
1065,4800830.661,3798129.469
1066,4802001.563,3801066.151
1067,4797431.427,3801563.299
1068,4790626.644,3803455.239
1069,4799172.496,3814543.947
1070,4799672.67,3808285.102
1071,4798078.649,3805781.939
1072,4801293.196,3804651.059
1073,4804101.782,3806721.707
1074,4810500.933,3808651.465
1075,4805753.206,3801535.438
1076,4807897.284,3796674.584
1077,4815573.766,3795487.679
1078,4814417.868,3804786.194
1079,4820711.679,3803793.386
1080,4808268.45,3814307.636
1081,4806423.982,3817228.017
1082,4811433.956,3817477.096
1083,4818463.055,3820447.493
1084,4827649.241,3809295.061
1085,4823355.937,3815872.105
1086,4823945.191,3820295.47
1087,4852099.468,3801009.874
1088,4834801.43,3823905.547
1089,4828540.304,3832596.226
1090,4842371.992,3830222.803
1091,4854544.625,3820152.429
1092,4860337.505,3822523.374
1093,4863997.871,3819803.734
1094,4865062.372,3814843.922
1095,4872276.346,3821741.986
1096,4874973.132,3811920.636
1097,4891357.309,3824627.644
1098,4906997.206,3809840.799
1099,4909678.108,3797006.942
1100,4919851.531,3792115.004
1101,4919361.281,3783849.032
1102,4919478.143,3770568.334
1103,4907445.422,3787759.157
1104,4903613.969,3793138.949
1105,4900253.366,3794902.494
1106,4902619.009,3796003.612
1107,4898808.989,3797922.002
1108,4903737.219,3799770.351
1109,4900391.722,3804603.803
1110,4896084.224,3802841.551
1111,4892274.225,3807573.108
1112,4890194.665,3810032.027
1113,4888654.107,3803029.17
1114,4887648.682,3799882.055
1115,4889420.733,3799744.348
1116,4893591.505,3800349.367
1117,4894916.184,3795941.428
1118,4891338.017,3794072.64
1119,4886704.355,3791714.185
1120,4885779.811,3796980.208
1121,4882673.275,3792622.057
1122,4884369.303,3806683.912
1123,4879085.674,3805958.499
1124,4866962.762,3809304.823
1125,4866933.958,3802309.219
1126,4872713.086,3803769.18
1127,4877158.5,3798676.021
1128,4878272.715,3794963.597
1129,4877261.782,3788961.695
1130,4874187.18,3791940.884
1131,4863795.189,3788783.975
1132,4856046.173,3777236.085
1133,4873850.053,3780105.759
1134,4878550.885,3784418.924
1135,4884229.48,3782010.785
1136,4883867.378,3785748.987
1137,4889718.22,3786826.348
1138,4896517.607,3789664.863
1139,4900059.567,3782567.969
1140,4892755.835,3782455.719
1141,4893906.7,3777674.202
1142,4892777.144,3771977.825
1143,4886637.786,3776783.724
1144,4883498.45,3773038.12
1145,4879924.945,3778139.898
1146,4880627.456,3773555.239
1147,4880555.725,3767640.061
1148,4877351.072,3762446.179
1149,4873571.916,3771623.136
1150,4867748.178,3772749.593
1151,4867088.923,3764909.264
1152,4857467.796,3769319.287
1153,4848946.068,3770083.943
1154,4845373.014,3778783.243
1155,4835062.91,3772477.128
1156,4844768.621,3762017.993
1157,4850481.317,3751794.633
1158,4856816.73,3759928.236
1159,4873985.775,3755387.402
1160,4866312.423,3746878.228
1161,4887837.956,3744626.39
1162,4887339.694,3759512.336
1163,4895795.726,3768157.279
1164,4901740.168,3761375.148
1165,4896299.608,3752880.284
1166,4913486.497,3743272.746
1167,4909394.94,3736718.89
1168,4908613.045,3728476.92
1169,4901854.429,3736836.974
1170,4900729.469,3729823.598
1171,4901920.239,3717450.829
1172,4912426.909,3712512.3
1173,4909947.957,3717454.602
1174,4915383.244,3713869.063
1175,4916494.328,3723604.395
1176,4953528.486,3742121.397
1177,5004134.033,3762419.004
1178,4970585.966,3786822.441
1179,4993380.989,3784375.479
1180,4993046.182,3801436.873
1181,5007694.972,3819655.519
1182,4980863.047,3810942.298
1183,4970159.458,3810859.186
1184,4967222.564,3803538.104
1185,4975260.422,3799339.267
1186,4962623.662,3798723.213
1187,4958663.43,3805145.016
1188,4960025.113,3810590.88
1189,4949198.94,3814413.065
1190,4949825.815,3809964.849
1191,4953298.817,3808594.962
1192,4948780.054,3806724.501
1193,4946714.588,3803917.861
1194,4953032.201,3803538.019
1195,4945859.909,3784812.371
1196,4935645.973,3802380.204
1197,4943732.101,3809789.339
1198,4939241.594,3810648.904
1199,4933994.925,3811809.565
1200,4921987.929,3807246.205
1201,4925989.769,3815602.827
1202,4930460.375,3814459.661
1203,4931177.498,3817459.749
1204,4938103.706,3814756.487
1205,4939630.056,3823643.471
1206,4934261.116,3818961.483
1207,4922860.008,3822137.828
1208,4916589.365,3818899.028
1209,4916841.119,3824633.681
1210,4909714.056,3827767.157
1211,4871052.164,3845207.958
1212,4851066.611,3834139.727
1213,4854221.011,3836196.896
1214,4856971.447,3839253.475
1215,4851541.164,3840627.357
1216,4849545.984,3843740.544
1217,4853920.836,3847875.162
1218,4846036.185,3852725.68
1219,4843545.865,3847898.722
1220,4841117.273,3840455.553
1221,4836876.611,3845064.565
1222,4833060.207,3842334.123
1223,4830762.285,3848700.488
1224,4827171.497,3852539.484
1225,4830439.249,3852244.381
1226,4833791.814,3850540.053
1227,4837385.616,3849590.774
1228,4840996.41,3848727.594
1229,4841573.437,3852850.211
1230,4839954.917,3856994.107
1231,4837683.568,3853218.405
1232,4833960.839,3853569.067
1233,4834338.917,3856954.423
1234,4830322.297,3856054.505
1235,4826090.599,3854891.464
1236,4825462.8,3858001.251
1237,4825115.989,3860861.276
1238,4810801.119,3865635.484
1239,4823152.162,3870338.258
1240,4826105.659,3866204.753
1241,4828706.367,3862316.11
1242,4833505.358,3860356.881
1243,4834453.519,3864708.009
1244,4832716.903,3869311.282
1245,4837709.535,3869255.286
1246,4847323.342,3862917.958
1247,4861677.479,3873947.748
1248,4857433.521,3906591.051
1249,4875785.188,3892634.982
1250,4885118.644,3894489.857
1251,4908007.355,3864044.798
1252,4921758.675,3906811.135
1253,4910906.99,3904594.608
1254,4905765.049,3901716.773
1255,4901307.805,3902342.321
1256,4905170.631,3906261.563
1257,4902571.749,3908922.778
1258,4899222.799,3908857.809
1259,4896894.569,3908691.515
1260,4896648.838,3904626.247
1261,4897268.483,3902457.047
1262,4892116.412,3902185.178
1263,4893230.332,3904809.294
1264,4893989.852,3908867.816
1265,4890599.172,3908570.281
1266,4888390.738,3904712.451
1267,4886849.772,3909256.76
1268,4883420.37,3920590.023
1269,4898416.631,3920891.921
1270,4913711.138,3917641.933
1271,4925535.69,3927973.942
1272,4911972.341,3929322.865
1273,4906334.64,3931720.729
1274,4912958.794,3935851.454
1275,4916699.545,3935484.371
1276,4919346.169,3935567.991
1277,4922943.666,3934515.634
1278,4929069.116,3935763.182
1279,4927564.101,3957456.797
1280,4923085.786,3943854.803
1281,4916624.573,3939978.819
1282,4913791.808,3950639.802
1283,4908285.967,3943440.801
1284,4905256.529,3939354.247
1285,4904216.562,3946627.852
1286,4899510.524,3971775.03
1287,4978289.13,3959333.192
1288,4954089.745,3970591.977
1289,4961085.192,3970295.576
1290,4968419.907,3882376.43
1291,4838394.76,3898057.68
1292,4823600.824,3888956.263
1293,4818767.406,3911811.847
1294,4828104.898,3915836.845
1295,4828467.513,3920920.361
1296,4829374.334,3928867.47
1297,4823398.145,3931592.275
1298,4823677.795,3927297.802
1299,4823089.449,3923779.137
1300,4822649.62,3920627.483
1301,4820255.295,3922684.597
1302,4812898.343,3924169.215
1303,4811569.789,3929757.741
1304,4816252.856,3929904.795
1305,4819740.263,3929748.835
1306,4818913.782,3938182.117
1307,4812960.579,3936156.737
1308,4799785.437,3920189.799
1309,4804789.66,3952323.261
1310,4802547.17,3960679.193
1311,4840880.474,3955249.819
1312,4830430.043,4050285.94
1313,4790086.654,4020725.624
1314,4776188.845,4003092.287
1315,4778420.904,3983106.93
1316,4754359.343,4048538.896
1317,4745169.728,4033327.064
1318,4755237.496,3960694.046
1319,4769208.772,3937169.379
1320,4780162.674,3934896.149
1321,4765283.667,3931381.612
1322,4755574.55,3929450.994
1323,4773981.652,3921401.123
1324,4780414.204,3897135.194
1325,4747129.385,3900022.045
1326,4723919.589,3895174.739
1327,4710761.191,3895432.142
1328,4688808.62,3920567.992
1329,4709637.262,3916775.351
1330,4716987.323,3911439.146
1331,4722004.58,3911263.874
1332,4723536.524,3907065.873
1333,4728353.842,3908288.5
1334,4730342.521,3910533.719
1335,4727496.435,3913610.98
1336,4720468.282,3921762.776
1337,4706450.577,3932972.646
1338,4703145.771,3939437.815
1339,4707200.122,3940587.681
1340,4712033.037,3941662.117
1341,4726387.627,3947181.795
1342,4710709.846,3946624.048
1343,4705512.795,3945074.798
1344,4703852.195,3948516.327
1345,4707792.178,3949646.996
1346,4706095.888,3953109.333
1347,4706510.481,3958307.233
1348,4705333.64,3968341.448
1349,4710944.351,3971770.182
1350,4719874.942,3964412.691
1351,4717885.875,3981707.116
1352,4724938.857,3972712.995
1353,4743918.633,3984102.2
1354,4727293.095,4012671.026
1355,4719117.844,3997056.212
1356,4715635.452,3993109.561
1357,4720925.826,3992227.666
1358,4718068.311,3987100.521
1359,4710486.255,3984494.829
1360,4705454.883,3982046.369
1361,4704177.646,3984489.539
1362,4706130.218,3986826.981
1363,4701835.482,3991080.007
1364,4704658.149,3990102.213
1365,4708663.332,3990961.502
1366,4706905.804,4000503.146
1367,4696519.123,4016871.526
1368,4683213.414,4008769.591
1369,4694487.91,4000218.175
1370,4680581.428,3997057.152
1371,4691006.933,3992443.471
1372,4694541.636,3990852.379
1373,4698290.697,3993455.635
1374,4697664.199,3988298.593
1375,4691271.316,3985892.998
1376,4698607.309,3984643.588
1377,4696804.258,3982170.008
1378,4697503.283,3977942.763
1379,4701295.267,3976784.014
1380,4698633.631,3965217.977
1381,4687694.42,3968560.756
1382,4678763.714,3983099.199
1383,4653510.606,3979972.579
1384,4666533.944,3976370.949
1385,4672811.084,3962696.496
1386,4677924.946,3963805.443
1387,4679020.638,3950305.121
1388,4654533.468,3952841.723
1389,4625231.356,3961807.183
1390,4620095.475,4001773.999
1391,4622194.669,4022464.27
1392,4651084.346,3994215.581
1393,4641793.025,4017896.725
1394,4668887.857,4018760.677
1395,4682696.482,4019424.835
1396,4699669.108,4034689.517
1397,4676904.986,4048965.883
1398,4667043.327,4051812.418
1399,4666779.348,4044958.178
1400,4638389.259,4052519.517
1401,4679515.396,4091674.743
1402,4604642.316,4116420.566
1403,4563759.174,4063414.139
1404,4747136.091,3868802.11
1405,4745322.649,3857231.629
1406,4753028.022,3848232.041
1407,4752620.596,3840996.724
1408,4737044.939,3843156.187
1409,4738930.229,3849692.063
1410,4740581.421,3852792.72
1411,4733064.676,3856978.987
1412,4734658.082,3862569.887
1413,4732633.538,3869303.76
1414,4716358.663,3864518.567
1415,4676288.254,3886785.377
1416,4656068.445,3844370.735
1417,4714946.071,3808662.074
1418,4715216.897,3825762.783
1419,4726901.443,3822854.679
1420,4735366.997,3819346.917
1421,4741864.251,3820058.137
1422,4737991.828,3827281.257
1423,4732545.608,3835034.471
1424,4750996.661,3830538.041
1425,4756859.554,3821698.404
1426,4763276.098,3816063.005
1427,4752746.157,3813439.827
1428,4755005.363,3804174.316
1429,4748876.348,3805778.855
1430,4744469.522,3809409.899
1431,4743167.775,3813594.869
1432,4736294.629,3811010.161
1433,4732468.918,3813213.922
1434,4728120.387,3812555.678
1435,4737165.972,3806978.811
1436,4736750.214,3800593.527
1437,4747083.746,3801763.57
1438,4753604.75,3790160.207
1439,4757328.192,3797629.885
1440,4743335.37,3796823.698
1441,4747443.141,3792378.819
1442,4742101.612,3788300.724
1443,4747161.051,3784334.359
1444,4751021.712,3780085.44
1445,4756098.313,3785332.776
1446,4764041.519,3778257.558
1447,4762711.441,3773019.343
1448,4754720.336,3768280.97
1449,4749096.566,3772217.738
1450,4743538.326,3773453.551
1451,4740000.827,3781612.218
1452,4736908.202,3788010.451
1453,4727532.152,3782798.525
1454,4695313.405,3796368.063
